,세탁기 (발코니2)
96480,302.014
96768,606.059
97056,2896.3450000000003
97344,3256.9840000000004
97632,3617.9040000000005
97920,3975.9490000000005
98208,5929.504000000001
98496,8064.550000000001
98784,8369.959
99072,10300.914
99360,10662.625
99648,12540.402
99936,12904.332
100224,13265.688
100512,15257.63
100800,15621.468
101088,15985.632000000001
101376,16348.617000000002
101664,18383.386000000002
101952,19900.465000000004
102240,21842.690000000002
102528,22203.773
102816,22566.845
103104,22930.583
103392,24860.954999999998
103680,25165.071999999996
103968,25471.899999999998
104256,25776.402
104544,27261.061999999998
104832,29028.231999999996
