,전기밥솥 (주방)
105120,96.69800000000001
105408,192.872
105696,288.387
105984,384.971
106272,483.435
106560,580.006
106848,676.13
107136,772.176
107424,868.5450000000001
107712,963.618
108000,1060.06
108288,1156.6779999999999
108576,1253.716
108864,1343.2579999999998
109152,1396.7359999999999
109440,1396.7359999999999
109728,1396.7359999999999
110016,1396.7359999999999
110304,1396.7359999999999
110592,1396.7359999999999
110880,1396.7359999999999
111168,1396.7359999999999
111456,1396.7359999999999
111744,1396.7359999999999
112032,1396.7359999999999
112320,1396.7359999999999
112608,1396.7359999999999
112896,1396.7359999999999
113184,1396.7359999999999
113472,1396.7359999999999
113760,1396.7359999999999
