,전자레인지 (주방)
105120,2252.153
105408,3708.7749999999996
105696,5163.968
105984,6625.136
106272,8090.088
106560,9550.208999999999
106848,11001.732
107136,12464.402999999998
107424,14705.450999999997
107712,16158.985999999997
108000,18555.650999999998
108288,20019.451999999997
108576,21489.052999999996
108864,22955.827999999998
109152,23874.394999999997
109440,23874.394999999997
109728,23874.394999999997
110016,23874.394999999997
110304,23874.394999999997
110592,23874.394999999997
110880,23874.394999999997
111168,23874.394999999997
111456,23874.394999999997
111744,23874.394999999997
112032,23874.394999999997
112320,23874.394999999997
112608,23874.394999999997
112896,23874.394999999997
113184,23874.394999999997
113472,23874.394999999997
113760,23874.394999999997
